fraction,train_size,train_time_min,accuracy,precision,recall,f1,auroc
0.1,2099,7.457353480656942,0.5044444444444445,0.3939393939393939,0.005847953216374269,0.01152482269503546,0.50057351468488
0.25,5250,19.077064426740012,0.6575555555555556,0.6174242424242424,0.8065677013045434,0.6994343670762629,0.7244092038142382
0.5,10500,38.14967656532924,0.8,0.745819397993311,0.902834008097166,0.8168498168498168,0.9038481788291094
1.0,21000,76.31923509041468,0.9482222222222222,0.9348776223776224,0.9622132253711201,0.9483484814896919,0.9880386726305872
